-- phpMyAdmin SQL Dump
-- version 4.6.4
-- https://www.phpmyadmin.net/
--
-- Host: 127.0.0.1
-- Generation Time: Apr 11, 2018 at 11:27 AM
-- Server version: 5.7.14
-- PHP Version: 5.6.25

SET SQL_MODE = "NO_AUTO_VALUE_ON_ZERO";
SET time_zone = "+00:00";


/*!40101 SET @OLD_CHARACTER_SET_CLIENT=@@CHARACTER_SET_CLIENT */;
/*!40101 SET @OLD_CHARACTER_SET_RESULTS=@@CHARACTER_SET_RESULTS */;
/*!40101 SET @OLD_COLLATION_CONNECTION=@@COLLATION_CONNECTION */;
/*!40101 SET NAMES utf8mb4 */;

--
-- Database: `schoolmanagementsystemdb`
--

-- --------------------------------------------------------

--
-- Table structure for table `admin`
--

CREATE TABLE `admin` (
  `id` varchar(20) NOT NULL,
  `name` varchar(20) NOT NULL,
  `password` varchar(20) NOT NULL,
  `phone` varchar(13) NOT NULL,
  `email` varchar(20) NOT NULL,
  `dob` date NOT NULL,
  `hiredate` date NOT NULL,
  `address` varchar(30) NOT NULL,
  `sex` varchar(7) NOT NULL
) ENGINE=InnoDB DEFAULT CHARSET=utf8;

--
-- Dumping data for table `admin`
--

INSERT INTO `admin` (`id`, `name`, `password`, `phone`, `email`, `dob`, `hiredate`, `address`, `sex`) VALUES
('admin1', 'Sapan', '123', '9039833963', 'sapan@gmail.com', '1996-08-26', '2017-01-01', 'Indore,Madhya Pradesh', 'Male'),
('admin2', 'Tanay', '123', '7588037510', 'tanay@gmail.com', '1995-01-18', '2017-04-01', 'Mumbai', 'Male'),
('admin3', 'Surbhi', '123', '9876543210', 'surbhi@gmail.com', '1992-05-12', '2017-08-01', 'Jaipur, Rajasthan', 'Female');

-- --------------------------------------------------------

--
-- Table structure for table `attendance`
--

CREATE TABLE `attendance` (
  `id` int(11) NOT NULL,
  `date` date NOT NULL,
  `attendedid` varchar(20) NOT NULL
) ENGINE=InnoDB DEFAULT CHARSET=utf8;

--
-- Dumping data for table `attendance`
--

INSERT INTO `attendance` (`id`, `date`, `attendedid`) VALUES
(18, '2016-05-04', 'te-123-1'),
(20, '2016-05-01', 'te-123-1'),
(21, '2016-04-12', 'te-123-1'),
(22, '2016-05-04', 'te-124-1'),
(23, '2016-04-19', 'te-124-1'),
(24, '2016-05-02', 'te-124-1'),
(25, '2016-05-04', 'sta-123-1'),
(26, '2016-05-05', 'sta-123-1'),
(27, '2016-04-04', 'sta-123-1'),
(28, '2016-04-05', 'sta-123-1'),
(29, '2018-04-09', 'te-123-1'),
(30, '2018-04-09', 'te-124-1');

-- --------------------------------------------------------

--
-- Table structure for table `availablecourse`
--

CREATE TABLE `availablecourse` (
  `id` int(11) NOT NULL,
  `name` varchar(30) NOT NULL,
  `classid` varchar(30) NOT NULL
) ENGINE=MyISAM DEFAULT CHARSET=utf8;

--
-- Dumping data for table `availablecourse`
--

INSERT INTO `availablecourse` (`id`, `name`, `classid`) VALUES
(1, 'Course1', '1'),
(2, 'Bangla 1st', '2'),
(3, 'Bangla 1st', '3'),
(4, 'Bangla 1st', '4'),
(5, 'Bangla 1st', '5'),
(6, 'Bangla 1st', '6'),
(7, 'Bangla 1st', '7'),
(8, 'Bangla 1st', '8'),
(9, 'Bangla 1st', '9'),
(10, 'Bangla 1st', '10'),
(11, 'Bangla 2nd', '1'),
(12, 'Bangla 2nd', '2'),
(13, 'Bangla 2nd', '3'),
(14, 'Bangla 2nd', '4'),
(15, 'Bangla 2nd', '5'),
(16, 'Bangla 2nd', '6'),
(17, 'Bangla 2nd', '7'),
(18, 'Bangla 2nd', '8'),
(19, 'Bangla 2nd', '9'),
(20, 'Bangla 2nd', '10'),
(21, 'English 1st', '1'),
(22, 'English 1st', '2'),
(23, 'English 1st', '3'),
(24, 'English 1st', '4'),
(25, 'English 1st', '5'),
(26, 'English 1st', '6'),
(27, 'English 1st', '7'),
(28, 'English 1st', '8'),
(29, 'English 1st', '9'),
(30, 'English 1st', '10'),
(31, 'English 2nd', '1'),
(32, 'English 2nd', '2'),
(33, 'English 2nd', '3'),
(34, 'English 2nd', '4'),
(35, 'English 2nd', '5'),
(36, 'English 2nd', '6'),
(37, 'English 2nd', '7'),
(38, 'English 2nd', '8'),
(39, 'English 2nd', '9'),
(40, 'English 2nd', '10');

-- --------------------------------------------------------

--
-- Table structure for table `class`
--

CREATE TABLE `class` (
  `id` varchar(20) NOT NULL,
  `name` varchar(20) NOT NULL,
  `room` varchar(20) NOT NULL,
  `section` varchar(10) NOT NULL
) ENGINE=InnoDB DEFAULT CHARSET=utf8;

--
-- Dumping data for table `class`
--

INSERT INTO `class` (`id`, `name`, `room`, `section`) VALUES
('10A', 'Ten', '1002', 'Arts'),
('10C', 'Ten', '1002', 'Commerce'),
('10S', 'Ten', '1001', 'Science'),
('1A', 'One', '101', 'A'),
('1B', 'One', '101', 'B'),
('2A', 'Two', '201', 'A'),
('2B', 'Two', '202', 'B'),
('3A', 'Three', '301', 'A'),
('3B', 'Three', '302', 'B'),
('4A', 'Four', '401', 'A'),
('4B', 'Four', '402', 'B'),
('5A', 'Five', '501', 'A'),
('5B', 'Five', '502', 'B'),
('6A', 'Six', '601', 'A'),
('6B', 'Six', '602', 'B'),
('7A', 'Seven', '701', 'A'),
('7B', 'Seven', '702', 'B'),
('8A', 'Eight', '801', 'A'),
('8B', 'Eight', '802', 'B'),
('9A', 'Nine', '901', 'A'),
('9B', 'Nine', '902', 'B');

-- --------------------------------------------------------

--
-- Table structure for table `course`
--

CREATE TABLE `course` (
  `id` varchar(20) NOT NULL,
  `name` varchar(20) NOT NULL,
  `teacherid` varchar(20) NOT NULL,
  `studentid` varchar(20) NOT NULL,
  `classid` varchar(20) NOT NULL
) ENGINE=InnoDB DEFAULT CHARSET=utf8;

--
-- Dumping data for table `course`
--

INSERT INTO `course` (`id`, `name`, `teacherid`, `studentid`, `classid`) VALUES
('1', 'Bangla 1st', 'te-124-1', 'st-123-1', '1A'),
('1', 'Bangla 1st', 'te-124-1', 'st-124-1', '1A'),
('1', 'Course1', 'te-124-1', 'st-123-1', '1A'),
('1', 'Course1', 'te-124-1', 'st-124-1', '1A'),
('11', 'Bangla 2nd', 'te-123-1', 'st-123-1', '1A'),
('11', 'Bangla 2nd', 'te-123-1', 'st-124-1', '1A'),
('11', 'Bangla 2nd', 'te-123-1', 'st-123-1', '1A'),
('11', 'Bangla 2nd', 'te-123-1', 'st-124-1', '1A'),
('11', 'Bangla 2nd', 'te-123-1', 'st-123-1', '1A'),
('11', 'Bangla 2nd', 'te-123-1', 'st-124-1', '1A');

-- --------------------------------------------------------

--
-- Table structure for table `examschedule`
--

CREATE TABLE `examschedule` (
  `id` varchar(20) NOT NULL,
  `examdate` date NOT NULL,
  `time` varchar(20) NOT NULL,
  `courseid` varchar(20) NOT NULL
) ENGINE=InnoDB DEFAULT CHARSET=utf8;

--
-- Dumping data for table `examschedule`
--

INSERT INTO `examschedule` (`id`, `examdate`, `time`, `courseid`) VALUES
('145', '2016-05-06', '2:00-4:00', '1'),
('1234', '2018-11-01', '12:00-03:00', '11');

-- --------------------------------------------------------

--
-- Table structure for table `grade`
--

CREATE TABLE `grade` (
  `id` int(11) NOT NULL,
  `studentid` varchar(20) NOT NULL,
  `grade` varchar(5) NOT NULL,
  `courseid` varchar(20) NOT NULL
) ENGINE=InnoDB DEFAULT CHARSET=latin1;

--
-- Dumping data for table `grade`
--

INSERT INTO `grade` (`id`, `studentid`, `grade`, `courseid`) VALUES
(1, 'st-123-1', 'C', '8'),
(2, 'st-123-1', 'F', '4'),
(3, 'st-125-1', 'D+', '1'),
(4, 'st-123-1', 'D+', '1'),
(5, 'st-124-1', 'C+', '1'),
(6, 'st-123-1', '100', '11'),
(7, 'st-123-1', '100', '11');

-- --------------------------------------------------------

--
-- Table structure for table `parents`
--

CREATE TABLE `parents` (
  `id` varchar(20) NOT NULL,
  `password` varchar(20) NOT NULL,
  `fathername` varchar(20) NOT NULL,
  `mothername` varchar(20) NOT NULL,
  `fatherphone` varchar(13) NOT NULL,
  `motherphone` varchar(13) NOT NULL,
  `address` varchar(30) NOT NULL
) ENGINE=InnoDB DEFAULT CHARSET=utf8;

--
-- Dumping data for table `parents`
--

INSERT INTO `parents` (`id`, `password`, `fathername`, `mothername`, `fatherphone`, `motherphone`, `address`) VALUES
('pa-123-1', '123', 'Father1', 'Mother1', '9876543210', '9876567890', 'Mumbai'),
('pa-124-1', '123', 'Father2', 'Mother2', '9876567890', '9876543223', 'Indore, Madhya Pradesh');

-- --------------------------------------------------------

--
-- Table structure for table `payment`
--

CREATE TABLE `payment` (
  `id` int(11) NOT NULL,
  `studentid` varchar(20) NOT NULL,
  `amount` double NOT NULL,
  `month` varchar(10) NOT NULL,
  `year` varchar(5) NOT NULL
) ENGINE=InnoDB DEFAULT CHARSET=utf8;

--
-- Dumping data for table `payment`
--

INSERT INTO `payment` (`id`, `studentid`, `amount`, `month`, `year`) VALUES
(1, 'st-123-1', 500, '5', '2016'),
(2, 'st-123-1', 500, '4', '2016'),
(3, 'st-124-1', 500, '5', '2016'),
(4, 'st-123-1', 10000, '2', '2017');

-- --------------------------------------------------------

--
-- Table structure for table `report`
--

CREATE TABLE `report` (
  `reportid` int(11) NOT NULL,
  `studentid` varchar(20) NOT NULL,
  `teacherid` varchar(20) NOT NULL,
  `message` varchar(500) NOT NULL,
  `courseid` varchar(20) NOT NULL
) ENGINE=InnoDB DEFAULT CHARSET=utf8;

--
-- Dumping data for table `report`
--

INSERT INTO `report` (`reportid`, `studentid`, `teacherid`, `message`, `courseid`) VALUES
(3, 'st-123-1', 'te-124-1', ' good', '1'),
(5, 'st-123-1', 'te-123-1', ' Intelligent and Honest', '11');

-- --------------------------------------------------------

--
-- Table structure for table `staff`
--

CREATE TABLE `staff` (
  `id` varchar(20) NOT NULL,
  `name` varchar(20) NOT NULL,
  `password` varchar(20) NOT NULL,
  `phone` varchar(20) NOT NULL,
  `email` varchar(20) NOT NULL,
  `sex` varchar(7) NOT NULL,
  `dob` date NOT NULL,
  `hiredate` date NOT NULL,
  `address` varchar(30) NOT NULL,
  `salary` double NOT NULL
) ENGINE=InnoDB DEFAULT CHARSET=utf8;

--
-- Dumping data for table `staff`
--

INSERT INTO `staff` (`id`, `name`, `password`, `phone`, `email`, `sex`, `dob`, `hiredate`, `address`, `salary`) VALUES
('sta-123-1', 'Fogg', '123', '01913827384', 'fogg@example.com', 'male', '1985-12-18', '2016-01-01', 'dhaka', 900000),
('sta-124-1', 'Eyasin', '123', '01822369874', 'eyasin@example.com', 'Male', '1998-03-25', '2016-05-03', 'Dhaka', 60000),
('sta-125-1', 'Robin', '123', '01922584693', 'robin@gmail.com', 'Male', '1992-12-12', '2016-05-03', '', 10000),
('sta-126-1', 'Tanjil  Ahmed', '123', '016392489298', 'tanjil@yahoo.com', 'Male', '0000-00-00', '2016-05-05', 'Dhaka', 600000);

-- --------------------------------------------------------

--
-- Table structure for table `students`
--

CREATE TABLE `students` (
  `id` varchar(20) NOT NULL,
  `name` varchar(20) NOT NULL,
  `password` varchar(20) NOT NULL,
  `phone` varchar(13) NOT NULL,
  `email` varchar(20) NOT NULL,
  `sex` varchar(7) NOT NULL,
  `dob` date NOT NULL,
  `addmissiondate` date NOT NULL,
  `address` varchar(50) NOT NULL,
  `parentid` varchar(20) NOT NULL,
  `classid` varchar(20) NOT NULL
) ENGINE=InnoDB DEFAULT CHARSET=utf8;

--
-- Dumping data for table `students`
--

INSERT INTO `students` (`id`, `name`, `password`, `phone`, `email`, `sex`, `dob`, `addmissiondate`, `address`, `parentid`, `classid`) VALUES
('st-123-1', 'SAPAN TANTED', '123', '9039833963', 'sapan@example.com', 'male', '1996-08-26', '2016-01-01', 'Indore, Madhya Pradesh', 'pa-123-1', '1A'),
('st-124-1', 'Tanay', '123', '1234567890', 'tanay@iitb.in', 'male', '1994-01-14', '2015-12-24', 'Mumbai', 'pa-123-1', '1A'),
('st-125-1', 'Surbhi', '123', '9876543210', 'surbhi@cse.iitb', 'Female', '1987-02-05', '2016-05-05', 'Jaipur, Rajasthan', 'pa-124-1', '5A');

-- --------------------------------------------------------

--
-- Table structure for table `takencoursebyteacher`
--

CREATE TABLE `takencoursebyteacher` (
  `id` int(11) NOT NULL,
  `courseid` varchar(20) NOT NULL,
  `teacherid` varchar(20) NOT NULL
) ENGINE=MyISAM DEFAULT CHARSET=utf8;

--
-- Dumping data for table `takencoursebyteacher`
--

INSERT INTO `takencoursebyteacher` (`id`, `courseid`, `teacherid`) VALUES
(1, '4', 'te-123-1'),
(2, '8', 'te-123-1'),
(3, '1', 'te-124-1'),
(4, '2', 'te-124-1'),
(5, '18', 'te-125-1'),
(6, '19', 'te-125-1'),
(7, '11', 'te-125-1'),
(8, '24', 'te-126-1'),
(9, '23', 'te-126-1'),
(10, '22', 'te-126-1'),
(11, '4', 'te-124-1'),
(12, '5', 'te-123-1'),
(13, '6', 'te-125-1'),
(14, '7', 'te-127-1'),
(15, '9', 'te-127-1'),
(16, '10', 'te-127-1'),
(17, '17', 'te-125-1'),
(18, '16', 'te-125-1'),
(19, '15', 'te-125-1'),
(20, '14', 'te-126-1'),
(21, '13', 'te-126-1'),
(22, '12', 'te-126-1'),
(23, '11', 'te-123-1');

-- --------------------------------------------------------

--
-- Table structure for table `teachers`
--

CREATE TABLE `teachers` (
  `id` varchar(20) NOT NULL,
  `name` varchar(20) NOT NULL,
  `password` varchar(20) NOT NULL,
  `phone` varchar(13) NOT NULL,
  `email` varchar(20) NOT NULL,
  `address` varchar(30) NOT NULL,
  `sex` varchar(7) NOT NULL,
  `dob` date NOT NULL,
  `hiredate` date NOT NULL,
  `salary` double NOT NULL
) ENGINE=InnoDB DEFAULT CHARSET=utf8;

--
-- Dumping data for table `teachers`
--

INSERT INTO `teachers` (`id`, `name`, `password`, `phone`, `email`, `address`, `sex`, `dob`, `hiredate`, `salary`) VALUES
('te-123-1', 'Teacher1', '123', '1234567890', 'teacher1@gmail.com', 'mumbai', 'male', '1988-12-23', '2016-01-01', 12000000),
('te-124-1', 'Teacher2', '124', '9876543210', 'teacher@gmail.com', 'indore', 'male', '1975-12-18', '2001-05-04', 600000);

-- --------------------------------------------------------

--
-- Table structure for table `users`
--

CREATE TABLE `users` (
  `userid` varchar(20) NOT NULL,
  `password` varchar(20) NOT NULL,
  `usertype` varchar(10) NOT NULL
) ENGINE=InnoDB DEFAULT CHARSET=utf8;

--
-- Dumping data for table `users`
--

INSERT INTO `users` (`userid`, `password`, `usertype`) VALUES
('admin1', '123', 'admin'),
('admin2', '123', 'admin'),
('admin3', '123', 'admin'),
('pa-123-1', '123', 'parent'),
('pa-124-1', '123', 'parent'),
('st-123-1', '123', 'student'),
('st-124-1', '125', 'student'),
('st-125-1', '123', 'student'),
('sta-123-1', '123', 'staff'),
('sta-124-1', '123', 'staff'),
('sta-125-1', '123', 'staff'),
('sta-126-1', '123', 'staff'),
('te-123-1', '123', 'teacher'),
('te-124-1', '124', 'teacher'),
('te-125-1', '258', 'teacher'),
('te-126-1', '258', 'teacher'),
('te-127-1', '123', 'teacher');

--
-- Indexes for dumped tables
--

--
-- Indexes for table `admin`
--
ALTER TABLE `admin`
  ADD UNIQUE KEY `id` (`id`);

--
-- Indexes for table `attendance`
--
ALTER TABLE `attendance`
  ADD PRIMARY KEY (`id`);

--
-- Indexes for table `availablecourse`
--
ALTER TABLE `availablecourse`
  ADD PRIMARY KEY (`id`);

--
-- Indexes for table `class`
--
ALTER TABLE `class`
  ADD PRIMARY KEY (`id`);

--
-- Indexes for table `grade`
--
ALTER TABLE `grade`
  ADD PRIMARY KEY (`id`);

--
-- Indexes for table `parents`
--
ALTER TABLE `parents`
  ADD UNIQUE KEY `id` (`id`);

--
-- Indexes for table `payment`
--
ALTER TABLE `payment`
  ADD PRIMARY KEY (`id`);

--
-- Indexes for table `report`
--
ALTER TABLE `report`
  ADD PRIMARY KEY (`reportid`);

--
-- Indexes for table `staff`
--
ALTER TABLE `staff`
  ADD UNIQUE KEY `id` (`id`);

--
-- Indexes for table `students`
--
ALTER TABLE `students`
  ADD UNIQUE KEY `id` (`id`);

--
-- Indexes for table `takencoursebyteacher`
--
ALTER TABLE `takencoursebyteacher`
  ADD PRIMARY KEY (`id`);

--
-- Indexes for table `teachers`
--
ALTER TABLE `teachers`
  ADD UNIQUE KEY `id` (`id`);

--
-- Indexes for table `users`
--
ALTER TABLE `users`
  ADD UNIQUE KEY `userid` (`userid`);

--
-- AUTO_INCREMENT for dumped tables
--

--
-- AUTO_INCREMENT for table `attendance`
--
ALTER TABLE `attendance`
  MODIFY `id` int(11) NOT NULL AUTO_INCREMENT, AUTO_INCREMENT=31;
--
-- AUTO_INCREMENT for table `availablecourse`
--
ALTER TABLE `availablecourse`
  MODIFY `id` int(11) NOT NULL AUTO_INCREMENT, AUTO_INCREMENT=41;
--
-- AUTO_INCREMENT for table `grade`
--
ALTER TABLE `grade`
  MODIFY `id` int(11) NOT NULL AUTO_INCREMENT, AUTO_INCREMENT=8;
--
-- AUTO_INCREMENT for table `payment`
--
ALTER TABLE `payment`
  MODIFY `id` int(11) NOT NULL AUTO_INCREMENT, AUTO_INCREMENT=5;
--
-- AUTO_INCREMENT for table `report`
--
ALTER TABLE `report`
  MODIFY `reportid` int(11) NOT NULL AUTO_INCREMENT, AUTO_INCREMENT=6;
--
-- AUTO_INCREMENT for table `takencoursebyteacher`
--
ALTER TABLE `takencoursebyteacher`
  MODIFY `id` int(11) NOT NULL AUTO_INCREMENT, AUTO_INCREMENT=24;
/*!40101 SET CHARACTER_SET_CLIENT=@OLD_CHARACTER_SET_CLIENT */;
/*!40101 SET CHARACTER_SET_RESULTS=@OLD_CHARACTER_SET_RESULTS */;
/*!40101 SET COLLATION_CONNECTION=@OLD_COLLATION_CONNECTION */;
